"","GSM1134765","GSM1134767","GSM1134769","GSM1134771","GSM1134773","GSM1134775","GSM1134777","GSM1134779","GSM1134781","GSM1134783","GSM1134785","GSM1134787","GSM1134789","GSM1134791","GSM1134793","GSM1134795","GSM1134797","GSM1134799","GSM1134801","GSM1134803","GSM1134804","GSM1134806","GSM1134808","GSM1134810","GSM1134812","GSM1134814","GSM1134816","GSM1134818","GSM1134820","GSM1134822","GSM1134824","GSM1134826","GSM1134828","GSM1134830","GSM1134832","GSM1134834","GSM1134836","GSM1134838","GSM1134840","GSM1134842","GSM1134844","GSM1134846","GSM1134848","GSM1134850","GSM1134852","GSM1134854","GSM1134856","GSM1134858","GSM1134860","GSM1134862","GSM1134864","GSM1134866","GSM1134868","GSM1134870","GSM1134872","GSM1134874","GSM1134876","GSM1134878","GSM1134880","GSM1134882","GSM1134883","GSM1134885","GSM1134887","GSM1134888","GSM1134889","GSM1304420","GSM1304422"
"Activated B cell",0.271273682156074,0.458413826379565,0.350855435735207,0.200173278992759,0.549710136318976,0.533830715571751,0.32396441951787,0.368331777159456,0.484386734154961,0.612028387459485,0.45343237548707,1,0.562330911364346,0.266732874245001,0.735681001999198,0.77040076556642,0.103345718029464,0.431918129143597,0.485398050495793,0.519174272865579,0.514006998994672,0.472044119108019,0.315687530891058,0.350811236109839,0.584243026803442,1,1,0.656111963008591,0.346231424009769,0.475619706744066,0.387456533603155,0.521732019932727,0.334321454335842,0.154275097701973,0.622502360577168,0.511300078342595,0.3338840340487,0.31076027907859,0.435761727436127,0.36592618740501,0.331301222195022,0.30438350799274,0.319005242486439,1,0.518457741462965,0.233001125676756,0.384983982996967,0.719015256661969,0.314943059305488,0.281740937112311,0.207238497434191,0.577848202305927,0.428088062106109,0.343241214862289,0.564618368246535,0.668067892654245,0.581602254784498,0.200499126659997,0.673316277067123,0.514973038376901,0.684510361477678,0.761942495560496,0.574266364980117,0.692717620062264,0.468767456547928,0.757110674507956,0.2235133682059
"Activated CD4 T cell",0.374962327073575,0.438197446866147,0.38089374534163,0,0.485150013922987,0.498347391314594,0.318886854419144,0.0794797328929231,0.532404682592837,0.62676591502184,0.400829619018878,1,0.447293119570252,0.396140016955968,0.445259957406423,0.835433669138545,0.383667408784006,0.612506404384035,0.517265624616762,0.854462650047446,0.572297032966952,0.599569344427737,0.536952673719799,0.0361303176916106,0.695598854183871,1,0.845663625750469,1,0.644290763370758,0.246000851348102,1,0.541015483571906,0.627132081690928,0.663703020261587,0.41574374422603,0.44252353368162,0.309359585601195,0.374501489909916,0.485058404829515,0.307704278147762,0.524729425039039,0.32068354880331,0.199701984539748,0.93821652715228,0.783277944574866,0.426418457635024,0.629864033905153,0.605306867607602,0.215307642878172,0.382105134717009,0.328553090069874,0.364497357862552,0.272366387456208,0.390968843619601,0.859260781045623,0.663142427302758,0.264661690397616,0.29205590387476,0.309793259069163,0.493859035399491,0.403304939452975,0.346034910355736,0.223676813614347,0.527396420610537,0.310021778641891,0.758506357110774,0.263665074397318
"Activated CD8 T cell",0.17678988134001,0.622443316149277,0.302110458796737,0.0302954254638654,0.360602467834274,0.41487235130627,0.288010956495665,0.227274826156055,0.413554137645499,0.7257101424812,0.434806511979813,1,0.370867274711737,0.454652168276037,0.294280646059852,1,0.0609971776189351,0.485132272520171,0.453019137852792,0.886650961279503,0.372061351763924,0.496497309383494,0.639645402579802,0.178655379257354,0.990710367170505,1,0.832340733982407,1,0.506867690127525,0.437147231664184,0.649853968447116,0.361684197818895,0.373327133211537,0.266468178416514,0.492001480205542,0.503132868698302,0.332283753300557,0.277101279245622,0.302586448954662,0.344864865391499,0.389108325098726,0.520420020738119,0.525704788686358,0.989410333010391,0.668926451832062,0.545695372473928,0.72783848088039,0.987584541310288,0.306560557482864,0.391290906539626,0.337677325087835,0.46064294664938,0.343540300014323,0.516643544063261,0.846624384809506,0.836844538591633,0.41408041385644,0.298304388595122,0.530653533402728,0.434061655821678,0.283226766308232,0.314212490610546,0.360581057384795,0.533081958660385,0.481195319052971,0.608807664978613,0.260271426640378
"Activated dendritic cell",0.140745244515324,0.507936850888134,0.426848071200891,0,0.578666169300922,0.324653297707255,0.323532729061941,0.37001273117819,0.617871110148089,0.594973114754623,0.607477909865973,1,0.454926117245117,0.300968233374916,0.419704783240937,0.69246584173959,0,0.429270500932979,0.572642434263411,1,0.457604495759475,0.501232873922832,0.51073384250113,0,0.583268210277265,1,0.853281151150532,0.617069187353922,0.716565617921852,0.261109503676435,0.692650293121187,0.47571022478506,0.414654788730503,0.785361830248566,0.403149151883949,0.590983692977136,0.392456498272621,0.355014562426813,0.30198218546036,0.593451478003345,0.436961278746379,0.413999197198633,0.42227760871627,0.650986504692143,0.737813355942855,0.35114911985421,0.692661309696476,0.606819911675699,0.268787289834915,0.286686137130268,0.360425235114996,0.0835964690710763,0.203671724314172,0.349714599569942,0.735304871380212,0.568721829350502,0.230925311039115,0.331875867076337,0.591358078331976,0.686650110072465,0.702929104662739,0.733318019337142,0.698285518488867,0.75286669878488,0.48269006374646,0.44676132049722,0.652214872924
"CD56bright natural killer cell",0.314181677585785,0.271432976492276,0.472401555151924,0.69599798529191,0.175264046344186,0.331075956688583,0.513724931582139,0.424086312668618,0.58198832220817,0.588525863787308,0.901980659248438,0.574205285010118,0.149675273043763,0.399008823897958,0.53325668301583,0.754942771410945,0.21809986375463,0.438604941403363,0.55321375616249,0.905796091199595,0.177298830178999,0.590966158167296,0.786652899568993,0.780718724635996,0.894313738822383,0.719266114717586,0.556325435911141,0.874257493365562,0.862004012692841,0.301018529752237,0.569930480766363,0.759314369998446,0.323266530821886,0.34292223546196,0.644021981913895,0.302598098600831,0.204940721307947,0.676605431967557,0,0.554286547183633,0.528881928904151,0.701961499350365,0.66160170139818,0.589346726243098,0.619622085456693,0.560280185547371,0.690753969333287,0.670799043783883,0.326896665574948,0.467606192162387,0.326584977605451,0.786565378691741,0.472447607678117,0.451307720412006,0.712697294929677,0.769019094704183,0.529386683301774,0.595251009696569,0,0.438331061689113,0.0650390042759434,0.235856578449235,0,0.405700514273843,0,0.58208012223039,0.855131914492867
"Central memory CD4 T cell",0.406911543916172,0.509313481546737,0.313459142042819,0.277431086719945,0.524675466590615,0.493533005462827,0.25992608260629,0,0.425510801101117,0.646843488244001,0.300135825925235,0.979853505285729,0.46254471595226,0.529570380298159,0.593969090554167,0.779945235504256,0.400501496985514,0.665638152709284,0.565896516648337,0.631574419883031,0.454186452051189,0.631124691325412,0.594239220407892,0,0.631447305245943,1,0.899615016389062,0.811253248385184,0.436812983899183,0.584791290114236,0.571880960476608,0.8077585675962,0.599899273889731,0.47349262329429,0.743544682902543,0.385829099293331,0.350565260131925,0.485095285996313,0.671733373801663,0.483189442919029,0.564102750983526,0.331186795832564,0.437356481399266,0.868102058537584,0.780936717643892,0.459388670256175,0.606915395400952,0.481901666510645,0.211488873223083,0.365984057356489,0.23689878668937,0.0734860198836413,0.283144026053419,0.59570702391246,0.599806206005533,0.843939203040832,0.105041202502297,0.208160038516341,0.318909956037559,0.620333399688551,0.443493521966795,0.629352985426193,0.784748405319601,0.0476175285392196,0.525124893652318,0.544522738858816,0.655619808987102
"Central memory CD8 T cell",0.151810973431622,0.429356281240762,0.337900062617432,0.0142084757899352,0.536307768499294,0.249772273737144,0.259243034806329,0,0.360380506547686,0.545891040121868,0.433270333465255,0.806564163037588,0.412657279870893,0.38177716108698,0.341139025495892,0.489830845905414,0,0.439763722066362,0.538420859467884,0.282554620762168,0.665178364507289,0.619915081526639,0.510639462461225,0.197628108018006,0.569561478967865,0.836153524693781,0.925572760130824,0.496160265897992,0.706864869816123,0.0494121028175407,0.823864953031463,0.615839197861389,0.615502124671463,0.604777588662426,0.705850771832176,0.485103541085566,0.461803832345137,0.51962530378805,0.522728589763918,0.508743325783585,0.727672758649011,0.492451893404175,0.427031604570497,0.76754638197004,0.908333264774436,0.595362527813325,0.954023056762179,0.748361851152226,0.569561257401116,0.472124517645658,0.464326738635357,0.540651517276407,0.569008926242256,0.452932553858564,0.990557646363057,1,0.0488257721142198,0.474138781026843,0.161492840693553,0.847234037261711,0.385713455924083,0.642410652167792,0.363599590057964,0.184369471330924,0.139248130155793,0.731205307223911,0.508379558039683
"Effector memeory CD4 T cell",0.345270293685398,0.356392731782623,0.444459597950378,0.47853995296789,0.461836096605085,0.764002672271883,0.565234995055394,0,0.354720848273226,0.303071087495411,0.578595928116064,1,0.58454522932295,0.640282394458853,0.267315082676322,0.66805544759166,0.77262260874041,0.782488700416641,0.74953937939985,0.601072472942106,0.660468917437444,0.753173261328124,0.634421678170803,0.126741136548642,0.461850542178553,0.900166935241092,0.960329420406296,0.895712410275353,0.632195798440303,0.447520903372302,0.518030477587426,0.519776574383936,0.32409423591328,0.859665843293066,0.583888296348793,0.484166199406988,0.399994638147156,0.230649523608117,0.52096326222188,0.3976172326805,0.609138411495366,0.438066523135326,0.278303900031794,0.736603711635624,0.846854137932908,0.470574721952889,0.422849050204348,0.296474673904153,0.188729843658334,0.554941609473842,0.217797418602171,0.133888887609641,0.837049456301624,0.535981837342747,0.588958843100707,0.692894460508178,0.129844860329025,0.26156178461978,0.177007498894953,0.420182596654173,0,0.535203355119718,0.332078988938454,0.287386226399923,0.247892207169911,0.882684710686737,0.590881790226042
"Effector memeory CD8 T cell",0.313591057930111,0.437023503185967,0.477153676322206,0,0.718763111783286,0.597780225163012,0.373771100666237,0,0.661397457634817,0.686005949853964,0.384202521874788,1,0.662473933014909,0.563504139788224,0.51399967428045,0.717341022848143,0.304030443435811,0.455278366673164,0.630839598608006,0.736563226882549,0.485600240812092,0.476409254223725,0.561785494993535,0.0222635963806508,0.671724739830468,1,1,0.774152856921812,0.283533441350832,0.467676873375109,0.341075161978045,0.583232849230473,0.28477379544899,0.237005700766512,0.689652326582174,0.462976748333141,0.259906691276729,0.411929665074103,0.375540942763337,0.454012025901443,0.54211697203187,0.205078473389207,0.500966997396616,1,0.880431113091617,0.499951652996366,0.641045238022625,0.688031955968703,0.355758209853315,0.516307525689339,0.176211330769284,0.296584776770768,0.566104005013274,0.41935584793632,0.698044457184088,0.868390475415606,0.393451192601152,0.229879872131388,0.42874269678292,0.507263488920215,0.371733161897467,0.702962622847075,0.395587581580566,0.324526618394184,0.280874355586244,0.506761305910026,0.207653667691706
"Gamma delta T cell",0.320497566803154,0.623861586336349,0.365642218812544,0.153283578947293,0.331678336882342,0.400130189857879,0.26861451904123,0.127898134026933,0.245417076780215,0.345534134421692,0.335761054058573,0.915110158929577,0.34852093146401,0.465018379161465,0.255640480101383,0.53434846209085,0,0.611569207262553,0.143789206793361,0.835273930556328,0.660517603849388,0.489469259255603,0.547969495156896,0.0973545969610407,0.653738608322073,0.716913897923121,1,0.657869875213887,0.799479555517578,0.111643529094873,0.832737017391308,0.745515711627051,0.723524320668493,0.495165312028332,0.702498306043276,0.516110486468116,0.548695463410041,0.81086983716105,0.407163580316677,0.364764057986822,0.794796160911867,0.340876520660118,0.481572292899366,0.645470115365038,0.921716637778407,0.587383367700488,0.772058205616775,0.440645302720611,0.592911066896567,0.577911472991623,0.628702213134562,0.3334372179896,0.407074653262251,0.556526939008043,0.972961473283701,0.929107831822933,0.375050019759577,0.387247796800032,0.249257097296799,0.255456239284326,0.221813412590573,0.244497934355911,0.297896803189615,0.192490989728219,0.27816859113459,0.771519848533395,0.617302692962618
"Immature  B cell",0.154797591141762,0.585978091282732,0.28403603178751,0.0782220303102257,0.332461717927399,0.627791356035368,0.246917424113895,0.157128816234738,0.568043187561975,0.40837222460028,0.514490619003863,1,0.752068962344249,0.379762019947888,0.534373837075975,0.787019317324342,0.125858611069398,0.510885531954311,0.414291857413959,0.781750987410357,0.3570174865594,0.346822998965792,0.617135576008384,0,0.570656718530293,1,0.971254058169699,0.762583852508069,0.372638095452802,0.630825580743187,0.297187151021707,0.391348994758948,0.363739679143319,0.529369555747975,0.632566411203725,0.597168517821357,0.568690720457121,0.314665126054402,0.595462815389614,0.41378263604962,0.383716689415497,0.127200643434637,0.377829272089636,1,0.389903568602889,0.464837459706338,0.573311925809578,0.818600422893822,0.113348527846063,0.407772275631194,0.112737139415231,0.164241304801833,0.506828325518233,0.409512159635858,0.67621051873867,0.846265644278489,0.547816606904747,0.387067859629569,0.790118158609016,0.655051619331792,0.849508001908163,0.659350598867929,0.572380945927118,0.9115812393135,0.291925940465746,0.41886503721254,0.327060078203179
"Memory B cell",0.314548052901201,0.375756869423,0.381284190851131,0.323967882082651,0.577684759148397,0.23656044221674,0.193130291712014,0.17557790063965,0.390351676859765,0.32872881745468,0.599180668276327,0.872962826874513,0.258016693481449,0.224290770157197,0.362147069454893,0.647571838652609,0.118870894120945,0.430919845871928,0.53401787584574,0.52348773893857,0.576551527865024,0.605750222779199,0.245161459103574,0.367982937185424,0.449969761751588,0.559805713373202,0.985667973840612,0.665759866737438,0.237799477067118,0.769870892684241,0.351519037050078,0.861979674134065,0.786328168806487,0.421556945298133,0.583451519207377,0.381110654977396,0.427676257335018,0.679882335631026,0.26655187146647,0.400928620162228,0.630899997434011,0.387129307326483,0.355387010831058,0.921947118218122,0.706166742204093,0.282221737636736,0.353666774269375,0.503201629016744,0.153925334779545,0.377121371235541,0.275891295381549,0.408467745700796,0.443240266790591,0.305911677106972,0.494627559457857,1,0.502392307920601,0.432532685506281,1,0.301280236827518,0.723947586293997,0.809786218176378,0.419978543333956,1,0.498649927429842,0.804978793361557,0.335191318166179
"Natural killer cell",0.176549498752507,0.607450004595287,0.415474838326746,0.178880519967377,0.749204928724121,0.820492932605558,0.47109413692765,0,0.660698374890917,0.757900952002076,0.481888059442469,0.751836040148557,0.565890407574953,0.460822399756641,0.310726949347868,0.975715693952366,0.475294308697444,0.435764418010365,0.547406415485365,0.812788136005459,0.644424959888445,0.449274705922893,0.472864047419158,0,0.759613411565519,0.725369666966406,0.871263899561564,0.678204326290476,0.45462019755722,0.358855921806737,0.313879916659032,0.702427462906957,0.404129160966739,0.299463643412212,0.632318772682453,0.567713815739881,0.414749423113984,0.440776532628937,0.489982999337449,0.174130690926824,0.546366566726553,0.304358055046753,0.482976909927127,0.767298085440709,0.771753303110643,0.551107004939576,0.476152961492055,0.741487255771946,0.543677886646197,0.571110629234613,0.339131597532181,0.245967356768483,0.560795357254303,0.664099963165525,0.782678774386853,0.942569705574615,0,0.548495480302323,0.275573111144632,0.59695615893856,0.390803227411843,0.47208972990823,0.326346682717035,0.0981852997844734,0.233502958776172,0.806011756427122,0.560745324573378
"Natural killer T cell",0.550280896476171,0.453397291001541,0.482736160583542,0,0.616298659853332,0.550045005392094,0.256066610826447,0,0.588848278932474,0.564802085908678,0.375704044875182,1,0.41124841155662,0.549341494386372,0.373893290295157,0.625197381059092,0,0.48480434584662,0.670059930839684,0.634384777975572,0.468651986252101,0.373605579622039,0.444076412765851,0.0207089604270296,0.579710380334547,0.814935109082222,0.944560197966393,0.711629663858007,0.454597318450241,0.306468171675439,0.710901095692579,0.555883143374979,0.24281686152409,0.602351069793887,0.550000485038667,0.39640734516645,0.411212967852584,0.252927202425289,0.498192271027402,0.35226522080544,0.570201288719456,0.260803014875339,0.515202437360064,0.890435026159338,0.734196754376924,0.421623126046703,0.637005654983617,0.589448660945134,0.483820392648051,0.521957392775292,0.572397007715985,0.156124431783398,0.504634514980585,0.371505345761784,0.710494957082118,0.731481524870746,0.0415806505421134,0.376469617462241,0.56427617992841,0.935012086135188,0.609711530321821,0.762823638816579,0.702416051722812,0.818625510180832,0.494218748571488,0.624758424778455,0.230884159915031
"Type 1 T helper cell",0.179095634096319,0.451324879097021,0.478726136852777,0.177214051119687,0.59691598886406,0.480921732474411,0.353906762640499,0,0.635357792088863,0.698394234718759,0.429402511553754,1,0.564590271368098,0.40485720408199,0.518812493364519,0.818642702495258,0.258019091595854,0.439456043227905,0.593813835722497,0.81724917995848,0.653496478762701,0.6710672541763,0.463644083095062,0,0.68402662149039,1,1,0.751832981292024,0.380710412384553,0.512420122278538,0.48224012993662,0.732849979408521,0.510969001042547,0.326207737777508,0.659287602336112,0.477323269784673,0.294615030679484,0.405946181011634,0.455957850624489,0.365625714231604,0.550233756733637,0.285217384655005,0.483790237689765,1,0.876043113459244,0.462750312525089,0.64580228230233,0.544786869230292,0.304679121515339,0.462383767048617,0.365809535780403,0.177337561987012,0.38571417507677,0.437986951633945,0.751825002029244,1,0.241283293902692,0.36613580357204,0.180581105250686,0.402396384523399,0.264942566400228,0.462118108338485,0.324343297268285,0.175636782222387,0.234661186681277,0.747458530676268,0.463334744282622
"Type 17 T helper cell",0.475655537369189,0.370648358059423,0.640010217631451,0.981188769482774,0.68884617636729,0.0963443120315137,0.618825900726819,0.579610078633887,0.647294420956081,0.785912021938009,1,0.541444075493721,0.428059227862442,0.503171982690786,0.67071434130328,0.572470769369602,0,0.211829359202463,0.721183749193814,0.48811579786131,0.640190554078985,0.417430881902022,0.461446767586945,0.715163033416067,0.489470188409325,0.546553784620835,0.123490583511032,0.492110770524965,0.34831424685024,0.307893238835087,0.362466922196401,0.406825526727826,0.44192370105488,0.501593274123745,0,0.3697400101666,0.527171011431011,0.470448357741469,0.587858585344003,0.678139507712995,0.144905995234592,0.947187001315748,0.690460970783666,0.158203900911245,0.0729700532777509,0.555930803108691,0.642712656245708,0.647697780708942,0.508925986860799,0.701214948053605,0.710589158522091,0.906115543372287,0.464654393759932,0.579242208831038,0.591449782989321,0.273996029041303,0.546695338374703,0.781322704862957,0.384514633889749,0.309025430695805,0.437205890208291,0.321316899369068,0.0492096323682399,0.652168605081082,0.0740874475249527,0.541253366523687,1
"CD56dim natural killer cell",0.257280249992696,0.639027354207454,0.553918409225354,0.0388210900955736,0.742938595116222,0.267176956661828,0.74806217876663,0.500852956073732,0.617916941752589,0.796224744431133,0.331107244732564,0.583310811462014,0.605363342600003,0.986785838318285,0.494791570718487,0.455177378062093,0.0291937646370315,0.390116409171145,0.762174972383277,0.206697556724694,0.722174596329899,0.63185048006589,0.672963415955533,0.374696765072807,0.749711298366528,0.615848814877778,0.585778616353265,0.36727830456458,0.329374650449778,0,0.752555274558469,0.696489585948769,0.347928309478155,0.0943174071890366,0,0.606364404891719,0.688362549051295,0.352116288640369,0.77293331286279,0.533419111854935,0.278792978276084,0.512413449442303,0.667473586648297,0.60603197230101,0.476881202002181,0.667465833204874,0.683876513230419,0.571122497945968,0.507311664196602,0.732733061057165,0.630362935901281,0.422623425811444,0.780017057868013,0.340657970962998,0.954500827593315,0.377496850052765,0.0752953703629006,0.272732259880728,0.375924724377991,0,0.532068302360472,0.909389713498211,0.63478302446801,0.468308753509254,0.682409363375586,0.591595768533736,0.0305790647955533
"Eosinophil",0.504670154173885,0.250263915048178,0.264662156190282,0.0462945112317179,0.657544732006726,0.39727700940967,0.084320404916651,0.622401638812458,0.732374951062909,0.697602099940567,0.295220147711773,1,0.409755459511303,0.400919287497134,0.822762941121627,0.467637191835687,0.247192452146102,0.0851023963487221,0.659403073126562,0.926084970549082,0.695272022661636,0.278714794523728,0.163774119241321,0.265097642344448,0.364831670987908,0.568622200664134,0.927284038132872,0.566106983779809,0.198577023637615,0.73152831110739,0.62619872027403,0.982914297434563,0.596253864225542,0.446730935040511,0.445009165478214,0.326661903363271,0.253067127109041,0.483348314617313,0.739698512816789,0.159241117556825,0.486241703837287,0.323075385034411,0.0966231530523492,0.994143732133553,0.648673213986859,0.408441750052442,0.526123172452666,0.279943554446562,0.378300927092174,0.440574752383839,0.401200286270265,0.612330386766947,0.678031420778793,0.249585066091242,0.281056226614766,0.770430039790375,0.534010564290209,0.311903491174579,0.655369476415035,0.90396335727811,0.557380798306824,0.928009441686231,0.490423904623703,0.860628937695922,0.545412886455771,0.483682885718226,0.192475197348603
"Immature dendritic cell",0.186124318714555,0.355952365018209,0.349032729911835,0.167824063232631,0.506732574992111,0.362419581144843,0,0.731185331299374,0.519602843103514,0.51134627444611,0.93178621976732,0.862322786892238,0.536076926420139,0.683416756333076,0.738869361884317,0.394152501993937,0.407498436387973,0.296963983130089,0.785978911873982,0.475053513630908,0.621519727329826,0.387270953251733,0.332945917909817,0.777236444949926,0.574638044861004,0.395469515813786,0.694832760532642,0.554157452691278,0.640938957322424,0.57830845416991,0.184343193950106,0.916124242292056,0.914166999581598,0.801826764374865,0.63323768999792,0.432525802174145,0.404512369940176,0.877548022849549,0.331306468969957,0.435745318392715,0.724985749585651,0.414213479189843,0.317046443979449,0.799425481777534,0.857332924644071,0.50610984061744,0.43224883637816,0.515856832912326,0.635256101619034,0.351569352684445,0.404709206969158,0.742545046696912,0.640885681869935,0.650908336541335,0.50010833925779,0.765710162184414,0.696509418592938,0.517559468650979,0,0.245363138721988,0,0.44157346909956,0.110779208454347,0.113291735450719,0,0.636381993758651,0.468048424083928
"Macrophage",0.301227415887768,0.348483476060774,0.286725755088393,0,0.590224362695505,0.356147605584895,0.203347380031949,0.298457188581257,0.357177257449013,0.468199055124684,0.364769567367013,1,0.415421641124532,0.298914663273323,0.39108436348966,0.614112873494625,0.101734274084166,0.438188256996279,0.414301641611341,0.894124165454435,0.426724087596562,0.625009725223223,0.433914798688873,0.295384368377335,0.750076189845537,0.923156092446643,1,0.728170714713925,0.569756384216878,0.366818797723777,0.553655660099428,0.8543428087364,0.366680471521095,0.321596001303878,0.620877332567579,0.432681958756744,0.265408622495906,0.536693647168159,0.294501420517936,0.445218411716916,0.48146566741862,0.146840922906954,0.413905834971725,0.985378125471504,0.95487073988725,0.531154574100091,0.704172095142062,0.671303357588649,0.364920365255841,0.42100948253776,0.22877782067081,0.402246486287568,0.388623116482168,0.473031248684655,0.853584078262533,1,0.378177759913757,0.33236140642646,0.550875931736377,0.700491991030295,0.376850134480027,0.712391355101423,0.482656184400723,0.526831977313522,0.342429079888541,0.544435098519233,0.322931993980139
"Mast cell",0.224782945758714,0.3335108680003,0.393372004072037,0,0.609774622501601,0.529184466119654,0.0728088635807594,0.729190924181572,0.531112421243048,0.649743334235273,0.278844704366582,1,0.326035793935147,0.380137336619448,0.528966821500281,0.49481055877224,0.284538682563515,0.253742590461915,0.471889303816778,0.76410785663321,0.711631318320542,0.303142230557499,0.324065521675354,0.0965210995358796,0.488796091441869,0.475798060690305,1,0.3655904140236,0.377129216136737,0.742729000178702,0.553221037352854,0.874596488276403,0.613596619297078,0.54297976194431,0.978101781443418,0.519599887023346,0.473282733649466,0.497238189907034,0.517530536505021,0.260740261416495,0.744626994258817,0.142941608943756,0.327194119841381,0.981983054814468,0.843728956055598,0.446414579984816,0.614153365391921,0.341871507984749,0.434477207820318,0.619115894497726,0.314160600078349,0.4186735581153,0.644900964619364,0.37173515624219,0.541738937879644,1,0.323786067657162,0.103662860769503,0.28591108904706,0.869495890397561,0.436953230352271,0.815982673785531,0.518045806415145,0.480941439732548,0.289229256740687,0.56282107876165,0.304616566907482
"MDSC",0.084736249697284,0.477081567444327,0.360267448366055,0,0.637616012258513,0.471157173392373,0.153732509156173,0.137898614622211,0.573722897867402,0.668149231207007,0.457240951005056,1,0.362479865500417,0.339296215870202,0.410820418157294,0.780244647530114,0.023117564211763,0.412466882811864,0.481073942376285,0.746570447176344,0.556995494522312,0.51780352971657,0.492644873401669,0,0.757443692575187,1,1,0.795897191131053,0.605302381042759,0.301009091775192,0.627737103979753,0.63847587326329,0.616544373911968,0.568291845671004,0.687444610851245,0.588784173360601,0.313010828861967,0.480095116734683,0.44381048287827,0.353695775252161,0.50380126023127,0.257369646750198,0.34348482500264,0.962275025263161,0.805331894682926,0.472080133194811,0.645196117832645,0.721567949465422,0.303480755227073,0.440116197527984,0.36852199053078,0.326334881508875,0.443772042292145,0.434958216046324,0.725858918538458,0.967915047072527,0.119599415533407,0.274744391988447,0.456208935822063,0.554425910257384,0.341684117230488,0.766655379306603,0.462392777694815,0.483210623141642,0.338169999045474,0.591223734201429,0.356868670099459
"Monocyte",0.282381881214856,0.439492405132038,0.662977134726761,0.779972870996732,0.818679614493837,0.647562254625758,0.427700384508725,0.570013872716443,0.588824496796656,0.748759055706373,0.768107977792889,0.91099984257726,0.49084234250171,0.534268714356749,0.442440995669582,0.360686407403172,0.245658955644679,0.184697377778921,0.487865974421426,0.044452150876128,0.327567217112213,0.583691352400684,0.524211244767036,0.513201879652336,0.556074331582724,0.462620096817434,1,0.521420109947646,0.584629557323417,0.386251514505387,0.310349620872773,0.479054417266528,0.33383723261784,0.156610686431843,0.445071492607923,0.485305237756247,0.11287445724071,0.400793397426584,0.443887399548179,0.439296936883349,0.495995329427747,0.233369373437661,0.703244951536621,0.949198794397838,0.884613509689525,0.682279701231392,0.801448073567562,0.536585054173796,0.656602653398731,0.739952189169951,0.442570205989659,0.504264078831073,0.408690018643541,0.485162768329642,0.751705457801946,0.99252334529848,0.352281875218677,0.635098612777498,0,0.450461979848449,1,0.232580261681792,0.194663980154468,0,0.197275666448382,0.578453807394811,0.37873648041247
"Neutrophil",0.515200243470062,0.498690580606805,0.595398881479938,0.25035222137752,0.509475582408898,0.46591878941524,0.84362276699941,0,0.641708814852713,0.634299074434219,0,0.817561559576713,0.346565072831333,0.695314297968475,0.431316502787204,0.642813958277924,0.297954786064401,0.254242701542966,0.640362778254466,0.172955496913654,0.586432124235265,0.197922696293454,0.487062050541441,0.333073495691268,0.598937962903475,0.331973633091803,0.508816788965072,0.0436467277353827,0.394663154594889,0.0360697990940461,0.406839974364757,0.459326576236405,0.573126183325409,0.132919599957137,0.630224461672943,0.717180940900318,0.496226205675283,0.267398505240603,0.437274335054658,0.0810108539670775,0.313947245836968,0.646141956081147,0.606009695515018,0.688683469540173,0.537478034292628,0.618617506685668,0.749704791559614,0.331066528872863,0.408905131638006,0.83776673544692,0.58981172419701,0.476388987163362,0.868951425272974,0.574180747399287,0.419386742804424,0.582214770140207,0.341650786111111,0.452808445045616,0.794207436831904,0.76694150428611,0.86594487685807,1,0.893349552164303,0.878910321340232,0.813893954543915,0.415712996401826,0.380519962130414
"Plasmacytoid dendritic cell",0.764735481349374,0.678140844669635,0.515734347509374,0.35701923399498,0.523778424691678,0.69099673195498,0.663914385650075,0.0383976365003153,0.734961996943408,0.652157495208278,0.408297927510653,0.96751394110945,0.398748133603775,0.573173399913266,0.556171397661138,0.564471612559168,0.18057656344107,0.638150887343328,0.63803464482746,0.490484501133131,0.689237789998415,0.562955280092162,0.528658506715967,0,0.643403640144658,0.566821589796043,0.9947806241304,0.316699052416693,0.67573199069689,0.420754099111668,0.649171718073623,0.50276020672978,0.596289556231852,0.544299771297815,0.735898846775254,0.453670923604177,0.332561696586183,0.324432610138188,0.682651798481285,0.574042908397781,0.549074941900757,0.53402287557711,0.455559487575079,0.572245363358915,0.591396016297841,0.484103607613246,0.738103863574347,0.591285770998581,0.452290639913122,0.548921991300202,0.765929216185256,0.112342767347335,0.525972228873985,0.719111114644645,0.716091859083397,0.786880997943775,0.338373325884684,0.551166108970963,0,0.51727007192639,0.320895424016664,0.0796470308695958,0.351081731074731,0,0.208526267680909,0.667691181490022,0.262067406960772
"Regulatory T cell",0.207606208655546,0.415495458253749,0.290149672509466,0,0.578529035510508,0.39222195761926,0.130418002009013,0.225491008901782,0.451152239409046,0.450168391808043,0.121911544296314,1,0.403771621445425,0.379492041297397,0.351781056774469,0.596959208887748,0.380648410050235,0.486901836807539,0.435479115914607,0.746268261494988,0.647062998975305,0.430864295839051,0.475170035635152,0.0207229612762019,0.777073383210198,1,1,0.834703448354062,0.695855067257659,0.335066378615647,0.770789239427201,0.646239951652914,0.571732613149617,0.654442963348774,0.659021575637736,0.514726193327298,0.610969345626002,0.53354934508529,0.539661314916155,0.0360221325977599,0.631534362985899,0.303501907343159,0.36553982340002,0.806673367088407,0.882581437389286,0.474590949519941,0.70267681817329,0.571258912102815,0.49789884071774,0.466583365846026,0.38573033000805,0.213614968431421,0.56078261695675,0.520230582489453,0.82420043645113,1,0.312370733306545,0.251475638883566,0.451172033201004,0.578953965083178,0.444752303546463,0.576571691619489,0.498214992413195,0.480887287837513,0.437722649921468,0.563887129377383,0.122093740541177
"T follicular helper cell",0.167760340049274,0.530479161513118,0.302141944758934,0.0326318514421624,0.643161541617582,0.427505689489501,0.372461143098037,0,0.563819076504139,0.608596715308492,0.258269595537751,0.9221266049581,0.405600181718608,0.449056566527081,0.359415005442168,0.63784458130051,0,0.346189139576042,0.53029157159416,0.785852884611933,0.592328885826018,0.516408139611218,0.479871834776768,0,0.70763856645499,0.918755358625673,0.98555166782114,0.778811417914853,0.576151044375646,0.292558032522654,0.330215863837228,0.600013131668633,0.554178778851451,0.281782605936809,0.538226082675179,0.498558811217378,0.401110147926343,0.464205089210662,0.450298953865826,0.568421137795452,0.460845712058372,0.43723274730912,0.508424371494092,0.848426761302419,0.878747306592737,0.308165990216591,0.601311223840897,0.677341215241791,0.413972600653112,0.444050880021697,0.236681484904118,0.143834280201112,0.633184268104038,0.370447164837077,0.760944598466764,0.766764425358086,0.125230260466986,0.222302248061022,0.767759869554251,0.668863366671417,0.73019664277572,0.959865829891173,0.722450016733207,0.837996591319742,0.590048121847036,0.502774646372386,0.303657374535975
"Type 2 T helper cell",0.293491203154283,0.505013744064312,0.309838906671326,0,0.432004779022933,0.431469698508792,0.138047754993458,0.173710659502976,0.282852004870851,0.269020202541075,0.0787663909104252,0.684735278386418,0.450760775574389,0.237160486065159,0.492276348487118,0.621035016329434,0.771343393107017,0.808275754864368,0.312355563546608,0.459807547149383,0.529328063580428,0.356490707080234,0.349287823450755,0.568197411823037,0.591551337035558,0.704431332319424,0.881830419290452,0.930501703472629,0.530757019060814,0.713521705410252,0.679771430674756,0.818102441720883,0.493302458523727,0.651119724374442,0.641422421094717,0.28006320717512,0.551043650732708,0.58619983640154,0.490114119935724,0.024506093648713,0.787923812123032,0.30272287471555,0.297299579789195,0.954220821278007,1,0.44171516305629,0.439986193457352,0.363384276493867,0.353150836994315,0.565432137000816,0.324170194630434,0.529830450395703,0.641450832185876,0.536981539749485,0.78882078277461,0.966280686716642,0.535971669724019,0.121176292571458,0.840427226619125,0.58826577371464,0.101341575172368,0.512830494456007,0.15663705804257,0.837861102943817,0.299346509882808,0.599559523695724,0.32853605442594
